姓名,性别,年龄,脱敏身份证号,联系电话,居住地址编号,人员标签,健康状况
张建国,男,52,4201011974****1234,13800138001,新华村-一组-001,常住村民,健康
刘翠花,女,50,4201011976****5678,13900139002,新华村-一组-001,常住村民,健康
李明,男,30,4201011996****8765,13700137003,新华村-一组-002,外出务工,健康
王秀英,女,78,4201011948****4321,13600136004,新华村-一组-003,独居老人,高血压
赵铁柱,男,45,4201011981****1111,13500135005,新华村-二组-001,常住村民,健康
张三(租客),男,28,4301011998****2222,13400134006,新华村-二组-001,外来人口,健康
刘大爷,男,82,4201011944****3333,无手机,新华村-二组-002,五保户,行动不便
孙小强,男,8,4201012018****4444,无手机,新华村-三组-001,留守儿童,健康
吴刚,男,40,4201011986****5555,13300133007,新华村-三组-003,村干部/网格员,健康
